<?xml version="1.0" encoding="UTF-8"?>
<project-private xmlns="http://www.netbeans.org/ns/project-private/1">
    <editor-bookmarks xmlns="http://www.netbeans.org/ns/editor-bookmarks/2" lastBookmarkId="0"/>
    <open-files xmlns="http://www.netbeans.org/ns/projectui-open-files/2">
        <group>
            <file>file:/D:/INCO/8vo%20Semestre/Seminario%20de%20Ingeniería%20de%20software%20I/Proyecto%20Modulo%202/FECUCEI/src/fecucei/generalMenuManager.java</file>
            <file>file:/D:/INCO/8vo%20Semestre/Seminario%20de%20Ingeniería%20de%20software%20I/Proyecto%20Modulo%202/FECUCEI/src/fecucei/VentasCashier.java</file>
            <file>file:/D:/INCO/8vo%20Semestre/Seminario%20de%20Ingeniería%20de%20software%20I/Proyecto%20Modulo%202/FECUCEI/src/fecucei/mainWindow.java</file>
        </group>
    </open-files>
</project-private>
